{
    "assemble_plate":
    {
        "x":0.32112,
        "y":-0.027009,
        "z":0.190564,
        "width":32,
        "height":32
    },
    "storage_plate":
    {
        "x":0.32112,
        "y":-0.027009,
        "z":0.190564,
        "width":32,
        "height":32
    },
    "b24_5":
    {
        "x":24,
        "y":7,
        "z":1
    },
    "b24_1":
    {
        "x":30,
        "y":7,
        "z":1
    },
    "b24_2":
    {
        "x":30,
        "y":14,
        "z":1
    },
    "b24_3":
    {
        "x":27,
        "y":7,
        "z":1
    },
    "b24_4":
    {
        "x":27,
        "y":14,
        "z":1
    },
    "b24_6":
    {
        "x":0,
        "y":0,
        "z":3
    },
    "b24_7":
    {
        "x":0,
        "y":0,
        "z":2
    },
    "b24_8":
    {
        "x":0,
        "y":0,
        "z":1
    }
}
