{
        "assemble_plate":
        {
            "x":0.339075,
            "y":0.004033,
            "z":0.23366,
            "width":32,
            "height":32
        },
        "storage_plate":
        {
            "x":0.339075,
            "y":0.004033,
            "z":0.23366,
            "width":32,
            "height":32
        },
        "b22_1":
        {
            "x":25,
            "y":29,
            "z":4
        },
        "b22_2":
        {
            "x":25,
            "y":29,
            "z":3
        },
        "b22_3":
        {
            "x":25,
            "y":29,
            "z":2
        },
        "b22_4":
        {
            "x":25,
            "y":29,
            "z":1
        },
        "b12_1":
        {
            "x":29,
            "y":1,
            "z":4
        },
        "b12_2":
        {
            "x":29,
            "y":1,
            "z":3
        },
        "b12_3":
        {
            "x":29,
            "y":1,
            "z":2
        },
        "b12_4":
        {
            "x":29,
            "y":1,
            "z":1
        },
        "b12_5":
        {
            "x":29,
            "y":4,
            "z":4
        },
        "b12_6":
        {
            "x":29,
            "y":4,
            "z":3
        },
        "b12_7":
        {
            "x":29,
            "y":4,
            "z":2
        },
        "b12_8":
        {
            "x":29,
            "y":4,
            "z":1
        },
        "b12_9":
        {
            "x":29,
            "y":7,
            "z":4
        },
        "b12_10":
        {
            "x":29,
            "y":7,
            "z":3
        },
        "b12_11":
        {
            "x":29,
            "y":7,
            "z":2
        },
        "b12_12":
        {
            "x":29,
            "y":7,
            "z":1
        },
        "b14_1":
        {
            "x":29,
            "y":10,
            "z":4
        },
        "b14_2":
        {
            "x":29,
            "y":10,
            "z":3
        },
        "b14_3":
        {
            "x":29,
            "y":10,
            "z":2
        },
        "b14_4":
        {
            "x":29,
            "y":10,
            "z":1
        },
        "b18_1":
        {
            "x":29,
            "y":15,
            "z":3
        },
        "b18_2":
        {
            "x":29,
            "y":15,
            "z":2
        },
        "b18_3":
        {
            "x":29,
            "y":15,
            "z":1
        },
        "b26_1":
        {
            "x":29,
            "y":24,
            "z":4
        },
        "b26_2":
        {
            "x":29,
            "y":24,
            "z":3
        },
        "b26_3":
        {
            "x":29,
            "y":24,
            "z":2
        },
        "b26_4":
        {
            "x":29,
            "y":24,
            "z":1
        },
        "b24_1":
        {
            "x":25,
            "y":1,
            "z":4
        },
        "b24_2":
        {
            "x":25,
            "y":1,
            "z":3
        },
        "b24_3":
        {
            "x":25,
            "y":1,
            "z":2
        },
        "b24_4":
        {
            "x":25,
            "y":1,
            "z":1
        },
        "b24_5":
        {
            "x":25,
            "y":6,
            "z":4
        },
        "b24_6":
        {
            "x":25,
            "y":6,
            "z":3
        },
        "b24_7":
        {
            "x":25,
            "y":6,
            "z":2
        },
        "b24_8":
        {
            "x":25,
            "y":6,
            "z":1
        },
        "b16_1":
        {
            "x":25,
            "y":11,
            "z":4
        },
        "b16_2":
        {
            "x":25,
            "y":11,
            "z":3
        },
        "b16_3":
        {
            "x":25,
            "y":11,
            "z":2
        },
        "b16_4":
        {
            "x":25,
            "y":11,
            "z":1
        }
}
