{
    "assemble_plate":
    {
        "x":0.32078,
        "y":-0.02794,
        "z":0.190, //0.1875 0.3103178-(.18-.072+.00960)
        "roll":0,
        "pitch":0,
        "yaw":-0,
        "width":32,
        "height":32
    },
    "storage_plate":
    {
        "x":0.32108,
        "y":-0.02794,
        "z":0.190, //0.3103178-(.18-.072+.00960)
        "roll":0,
        "pitch":0,
        "yaw":-0,
        "width":32,
        "height":32
    },
    "b5_1":
    {
        "x":12,
        "y":9,
        "z":2
    },
    "b6_1":
    {
        "x":12,
        "y":8,
        "z":1
    },
    "b9_1":
    {
        "x":13,
        "y":5,
        "z":1
    }
}
