{
    "assemble_plate":
    {
        "x":0.32180,
        "y":-0.02591,
        "z":0.1885, //0.1875 0.3103178-(.18-.072+.00960)
        "width":32,
        "height":32
    },
    "storage_plate":
    {
        "x":0.32180,
        "y":-0.02591,
        "z":0.1885, //0.3103178-(.18-.072+.00960)
        "width":32,
        "height":32
    },
    "b24_1":
    {
        "x":24,
        "y":7,
        "z":1
    },
    "b24_2":
    {
        "x":24,
        "y":14,
        "z":1
    },
    "b24_3":
    {
        "x":21,
        "y":7,
        "z":1
    },
    "b24_4":
    {
        "x":21,
        "y":14,
        "z":1
    },
    "b24_5":
    {
        "x":18,
        "y":7,
        "z":1
    },
    "b24_6":
    {
        "x":18,
        "y":14,
        "z":1
    },
    "b24_7":
    {
        "x":0,
        "y":0,
        "z":2
    },
    "b24_8":
    {
        "x":0,
        "y":0,
        "z":1
    }
}
