{
    "assemble_plate":
    {
        "x":-0.018599,
        "y":0.3751105,
        "z":0.191355,
        "width":32,
        "height":32
    },
    "storage_plate":
    {
        "x":-0.018599,
        "y":0.3751105,
        "z":0.191355,
        "width":32,
        "height":32
    },
    "b24_1":
    {
        "x":24,
        "y":10,
        "z":1
    },
    "b24_2":
    {
        "x":21,
        "y":10,
        "z":1
    },
    "b24_3":
    {
        "x":18,
        "y":10,
        "z":1
    },
    "b24_4":
    {
        "x":15,
        "y":10,
        "z":1
    },
    "b24_5":
    {
        "x":12,
        "y":10,
        "z":1
    },
    "b24_6":
    {
        "x":9,
        "y":10,
        "z":1
    }
}
