{
    "assemble_plate":
    {
        "x":0.289075,
        "y":0.04033,
        "z":-0.13366,
        "width":32,
        "height":32
    },
    "storage_plate":
    {
        "x":0.289075,
        "y":0.04033,
        "z":-0.13366,
        "width":32,
        "height":32
    },
    "b22_1":
    {
        "x":14,
        "y":7,
        "z":1
    },
    "b22_2":
    {
        "x":14,
        "y":11,
        "z":1
    },
    "b22_3":
    {
        "x":14,
        "y":15,
        "z":1
    },
    "b22_4":
    {
        "x":14,
        "y":19,
        "z":1
    },
    "b22_5":
    {
        "x":18,
        "y":9,
        "z":1
    },
    "b22_6":
    {
        "x":18,
        "y":13,
        "z":1
    },
    "b22_7":
    {
        "x":18,
        "y":17,
        "z":1
    },
    "b22_8":
    {
        "x":18,
        "y":21,
        "z":1
    }
}