{
    "assemble_plate":
    {
        "x":-0.0199,
        "y":0.37526,
        "z":0.190,
        "width":32,
        "height":32
    },
    "storage_plate":
    {
        "x":-0.0199,
        "y":0.37526,
        "z":0.190,
        "width":32,
        "height":32
    },
    "b16_1":
    {
        "x":18,
        "y":8,
        "z":1
    },
    "b14_1":
    {
        "x":14,
        "y":14,
        "z":1
    },
    "b14_2":
    {
        "x":16,
        "y":14,
        "z":1
    },
    "b12_1":
    {
        "x":14,
        "y":10,
        "z":1
    }
}
