{
    "assemble_plate":
    {
        "x":-0.01883,
        "y":0.376,
        "z":0.18950,
        "width":32,
        "height":32
    },
    "storage_plate":
    {
        "x":-0.01883,
        "y":0.376,
        "z":0.18950,
        "width":32,
        "height":32
    },
    "b24_1":
    {
        "x":25,
        "y":10,
        "z":2
    },
    "b24_2":
    {
        "x":25,
        "y":10,
        "z":1
    },
    "b24_3":
    {
        "x":21,
        "y":10,
        "z":2
    },
    "b24_4":
    {
        "x":21,
        "y":10,
        "z":1
    },
    "b26_1":
    {
        "x":24,
        "y":15,
        "z":2
    },
    "b26_2":
    {
        "x":24,
        "y":15,
        "z":1
    },
    "b26_3":
    {
        "x":24,
        "y":22,
        "z":2
    },
    "b26_4":
    {
        "x":24,
        "y":22,
        "z":1
    },
    "b18_1":
    {
        "x":21,
        "y":15,
        "z":2
    },
    "b18_2":
    {
        "x":21,
        "y":15,
        "z":1
    },
    "b14_1":
    {
        "x":18,
        "y":10,
        "z":2
    },
    "b14_2":
    {
        "x":18,
        "y":10,
        "z":1
    },
    "b14_3":
    {
        "x":18,
        "y":15,
        "z":2
    },
    "b14_4":
    {
        "x":18,
        "y":15,
        "z":1
    },
    "b14_5":
    {
        "x":18,
        "y":20,
        "z":2
    },
    "b14_6":
    {
        "x":18,
        "y":20,
        "z":1
    },
    "b12_1":
    {
        "x":15,
        "y":10,
        "z":2
    },
    "b12_2":
    {
        "x":15,
        "y":10,
        "z":1
    },
    "b12_3":
    {
        "x":15,
        "y":13,
        "z":2
    },
    "b12_4":
    {
        "x":15,
        "y":13,
        "z":1
    },
    "b12_5":
    {
        "x":15,
        "y":16,
        "z":2
    },
    "b12_6":
    {
        "x":15,
        "y":16,
        "z":1
    },
    "b12_7":
    {
        "x":15,
        "y":19,
        "z":2
    },
    "b12_8":
    {
        "x":15,
        "y":19,
        "z":1
    },
    "b16_1":
    {
        "x":28,
        "y":15,
        "z":2
    },
    "b16_2":
    {
        "x":28,
        "y":15,
        "z":1
    }
}
