{
    "assemble_plate":
    {
        "x":-0.01883,
        "y":0.376,
        "z":0.18950,
        "width":32,
        "height":32
    },
    "storage_plate":
    {
        "x":-0.01883,
        "y":0.376,
        "z":0.18950,
        "width":32,
        "height":32
    },
    "b24_1":
    {
        "x":21,
        "y":10,
        "z":2
    },
    "b24_2":
    {
        "x":21,
        "y":10,
        "z":1
    },
    "b26_1":
    {
        "x":18,
        "y":15,
        "z":2
    },
    "b26_2":
    {
        "x":18,
        "y":15,
        "z":1
    },
    "b14_1":
    {
        "x":18,
        "y":10,
        "z":2
    },
    "b14_2":
    {
        "x":18,
        "y":10,
        "z":1
    },
    "b12_1":
    {
        "x":15,
        "y":10,
        "z":2
    },
    "b12_2":
    {
        "x":15,
        "y":10,
        "z":1
    },
    "b12_3":
    {
        "x":15,
        "y":13,
        "z":2
    },
    "b12_4":
    {
        "x":15,
        "y":13,
        "z":1
    },
    "b16_1":
    {
        "x":15,
        "y":16,
        "z":2
    },
    "b16_2":
    {
        "x":15,
        "y":16,
        "z":1
    }
}
